0.14218730710686897,5
0.48819081202254522,4.9999874050392252
1.0478068459787933,4.9998227285259595
1.5460950791908974,4.9992155976739703
1.7474659123181506,4.9981750653484571
1.6500609347115551,4.9971029436332541
1.4325481761230885,4.9962740421707341
1.2668311352285286,4.9957005618565855
1.1498807013685308,4.9953380074879483
1.009875064519385,4.9950736785375938
0.78945016367366772,4.9948607775586868
0.47375925163980293,4.9947651062127063
0.132806404082151,4.9947767429641114
-0.20051867990035716,4.9947885367077731
-0.54876721303729414,4.9946729637465621
-0.91235515643861842,4.9943931276062967
-1.2625135775512593,4.9940204122928762
-1.4556854697178967,4.9935932955069759
-1.2977011477007256,4.9931686750390174
-0.71541572791414754,4.9931363860413347
0.20899994103380498,4.9938897406746898
1.1990760840240489,4.9948466155199336
1.9092595480963586,4.9948280021669458
2.147572505790476,4.9936736893832174
1.9083393031072504,4.9924009055856766
1.3780741392336373,4.9917833791124604
0.8106504859954925,4.9916745736489405
0.33191765005449131,4.9917084317120537
-0.043404490927669952,4.9917191223290063
-0.38846587111364306,4.9917477256685316
-0.78653150776348046,4.991888485386653
-1.2150148996509238,4.9920594758642158
-1.6318267470589971,4.9919894906369899
-2.0126014706131348,4.9914972246806188
-2.3532019464502314,4.9906540033819802
-2.6954653459166078,4.9895490060299839
-2.9934955593182062,4.9879268284368203
-3.0982164848261484,4.9852468010009181
-2.8522790973386525,4.9816287333906626
-2.1493865833165531,4.9786545406630909
-1.0914954040098335,4.9778300595734573
0.028271740380001024,4.9785391547008926
0.89708080926311651,4.9789971812059255
1.2857096107712953,4.9785807041717378
1.1983915608276277,4.9781239330118359
0.83767679162919573,4.9781200413981512
0.41866935561043561,4.9783264188451346
0.098080656730435395,4.9784520254542999
-0.11834421490528858,4.9785339263079154
-0.32716948877222835,4.978724355175296
-0.57485323787219722,4.9791143901663943
-0.86943116424385936,4.9796278083474474
-1.1667998105521329,4.9800612382267442
-1.4173349397384725,4.98033313413314
-1.655647538709949,4.9805720489372449
-1.8975224716874179,4.9808206112307101
-2.0953428372795018,4.9807184991354516
-2.1294552160844358,4.9796971879240122
-1.8046659530372506,4.9781478215431898
-1.0375353941650611,4.9778673376359528
0.06321901073179878,4.9799385718938582
1.236649167539531,4.982776334442045
2.1328802158726803,4.9835510765685145
2.5415984106068956,4.9817068611819773
2.4787038383087747,4.9789233256360959
2.1125525649319363,4.9767805934258975
1.6942139166000891,4.9755273023879676
1.3662676629338257,4.9748363136059979
1.1188510747656268,4.9743248735349974
0.89199531595204684,4.9737538346880807
0.60592632868695395,4.9732245187934518
0.26288227841873724,4.9729066844212086
-0.072459354368015039,4.9727731170607194
-0.38753177617455692,4.9727724230958525
-0.6853430255425762,4.9728727951362064
-0.98639155040606874,4.9730805463730743
-1.2666668923227378,4.973236550130971
-1.3678988851870355,4.9730383943233516
-1.1225287187355972,4.9730009667531494
-0.44621387454930073,4.9746629925133501
0.58046857896658421,4.9786622581811386
1.6588662364575848,4.9826724410379279
2.4642247635816772,4.9838143628697704
2.7911954429717958,4.981855466262795
2.625562378319807,4.9789631412284487
2.1738546766295488,4.9768220279003579
1.6668394349653439,4.9756987093835319
1.2384582666917123,4.9751991921042498
0.91266976683696455,4.9748929132846476
0.59352635188197445,4.9746577824037068
0.21837606793143177,4.974626783959188
-0.1963475822234719,4.9748497349322678
-0.62091754305227986,4.9752282112610979
-1.0075668678088767,4.9756388324650134
-1.3710580012345075,4.9761499923694972
-1.7495730610463094,4.9767993244906421
-2.0817989994416659,4.9770890054745314
-2.2416177236066011,4.9761637308551538
-2.0536001718034451,4.9740554402317434
-1.4109147036004379,4.9725247996882063
-0.43178499531865189,4.9728779789089961
0.615043809174042,4.9742562468482756
1.4022719673218216,4.9748797961214279
1.698800948719291,4.9746186270102379
1.5287240558948769,4.9745963642575539
1.0721775618413509,4.9751765362568108
0.5579402498763979,4.975836822713803
0.14918330064058263,4.9762084633585415
-0.16813336711180668,4.9765037624399122
-0.46724527207713945,4.9770790516899055
-0.80414102970689572,4.978081068875154
-1.1946279146693541,4.9793010524483661
-1.5720452099437969,4.9803344681472579
-1.9076042004147076,4.98113836333712
-2.2277776878658782,4.9820102092176155
-2.5366144203729428,4.9829853484648554
-2.8088227808781649,4.9832993685990248
-2.9042130394320016,4.9816792564605592
-2.6318079066600677,4.9781059374155312
-1.9214297649022276,4.974499435084466
-0.85806170447789631,4.9728912224258863
0.27920251038310556,4.9729664582416611
1.1424580330241747,4.9731365078684178
1.5375953980461896,4.9731151475098638
1.4570133243950651,4.9734718010759691
1.0855032546212187,4.9742195878716702
0.67541240509555434,4.9747974746360555
0.35125323335698017,4.9750990880181929
0.1265811153764228,4.9753197565598466
-0.072758575516224208,4.9756737658387094
-0.33088737842892829,4.9762709417431319
-0.62593920365206124,4.9769506276349196
-0.91642122203926923,4.9775296458718152
-1.1784535219423429,4.9780110669869551
-1.4082858470667743,4.9784980401620551
-1.6480533956668062,4.9790414796389584
-1.8520777838932045,4.979345290895151
-1.8714312657560734,4.9791373264013199
-1.5488609617555076,4.9791788033527187
-0.77811159219282522,4.9812807392164862
0.33892932218862115,4.9858627208145982
1.5091966020808552,4.9904059741167073
2.4198053298833342,4.9921270965275939
2.8416587500603026,4.9906285522454716
2.779243254312048,4.9876957115753342
2.4353076731944374,4.9848958780525079
2.0251507783779021,4.9829447230395392
1.7056844382895981,4.9817125863536607
1.4828666005216915,4.9806609857511539
1.2603765656265573,4.9793371927821832
0.99203400631115612,4.97771228607456
0.67010431944035687,4.9761233664936544
0.33899829887947164,4.9748105021383182
0.048649959462480595,4.9736894364425064
-0.23522612754689093,4.9726180857216846
-0.52806890849925159,4.9715786827398762
-0.78189322155825125,4.9708618236090087
-0.87665661458085875,4.9711582173587772
-0.61675091961452755,4.9737396512543599
0.081717295104566531,4.9797709517684261
1.1104664469274648,4.9880774582536063
2.2086896791803117,4.99502920372829
3.026567940184985,4.9972998896066443
3.354449235482214,4.9951442973634617
3.2090440469185983,4.9911157906697108
2.7592627798462361,4.9875177436663449
2.2565629057032823,4.9851248146931537
1.8438699433595223,4.9837414207933595
1.511669393044913,4.9827193393246469
1.2003961561295111,4.9815478917522622
0.83074716473326204,4.9803164468993151
0.40542632489421471,4.9793232972468031
-0.01047061608927391,4.9786357706448854
-0.40397829954675979,4.9782164913490332
-0.77772085316827722,4.9779529404514999
-1.1518109850316722,4.977841770539337
-1.5018727837293402,4.977858802790494
-1.6693001346312155,4.9778664263828576
-1.4861602729597501,4.9783322198393947
-0.86774703135610454,4.9801605748555646
0.1055874997086621,4.9833676120401371
1.1352340672494914,4.9860393518184933
1.8966586236363894,4.9868931459872092
2.1848850680246548,4.9866289901867757
1.985970982415632,4.9866262835509962
1.5065163901180221,4.9871138626553329
0.9773022715451033,4.9876383810652465
0.53234110770546272,4.9879911814039213
0.19566991751665452,4.9882950099467713
-0.12862045431849628,4.9888713688078177
-0.50321917381948311,4.989882046117498
-0.91180140767884921,4.9910837694252104
-1.3247579230921032,4.9921822767117998
-1.6944332606109644,4.9931185451747444
-2.0357132833547231,4.9941486300767455
-2.3869731018632416,4.9953403465098694
-2.6871926400070638,4.9959454353317723
-2.8105680848083114,4.9948287797547986
-2.5818984367513247,4.9917880035269908
-1.8944782155260738,4.9883001078484623
-0.86679597734979219,4.985621070792134
0.23198408316134897,4.9839626309719236
1.0741533045326461,4.9831780685661968
1.4282417042991551,4.9836346750260292
1.3179005745950561,4.9853616800094498
0.92276125872504733,4.9873813752287317
0.47116311027199409,4.9887607497888347
0.12590582890766344,4.9894068726678533
-0.1274247124588653,4.989880069531262
-0.36248522514058479,4.9906493787440134
-0.6357224783838743,4.9917773985060059
-0.96340744713866333,4.9930051520699497
-1.2793269217004259,4.9939916244208984
-1.5551042700663125,4.9947687658908277
-1.8176125964741487,4.9955834478784649
-2.0713121951266338,4.9964175690375079
-2.2913212457064476,4.9968497384058024
-2.3378286274008251,4.9964027550897043
-2.020163645770368,4.9956422784938042
-1.2684498214347968,4.995870214730683
-0.16798060805826764,4.9976033319157498
1.0017827201572564,4.9995495567459667
1.8925719250169346,5.0002526986466274
2.3101166255204335,4.9998469595051942
2.2467082009722796,4.9990875593573989
1.8869845201652367,4.998395358451714
1.4831319405754826,4.9977963562718513
1.1595514234997917,4.9973883283633045
0.92970124100739093,4.997005510527508
0.71937302146830095,4.9964395776510688
0.44445463271184565,4.9957342753855487
0.12685308856015703,4.9949826984712278
-0.19186725053587614,4.9943043351256673
-0.48773446695618433,4.9937079073625963
-0.75688260188749545,4.9930534748264161
-1.0412745814288398,4.9923862514548594
-1.2950152810253517,4.9919497364202039
-1.3689100757065591,4.9923403341268671
-1.1053939404343269,4.9945618982683619
-0.39789263632401267,4.9993459204272401
0.65189424603221258,5.0055649700839515
1.750884944682976,5.0103307396291097
2.5864652637740875,5.0118412004251507
2.9301994979166497,5.0105244205769184
2.787244669515093,5.0081635425298003
2.3608175097768158,5.0060148652767884
1.8665983834180475,5.0046420970287189
1.4618379756035274,5.0038666101380693
1.1528718442181189,5.0032488190312296
0.84382648095563773,5.0025372249676545
0.48900710015043997,5.0017711483218443
0.081166880253093432,5.0011615535790321
-0.33482652882203334,5.000785794555024
-0.70859873746095647,5.0005405259807238
-1.0739749175189939,5.0004169461518622
-1.445948243786737,5.0004198785907512
-1.7761238999366764,5.0004621017432713
-1.9440760091524021,5.0003790743645347
-1.7537893046560733,5.000295066315446
-1.1209800906690495,5.0006227554579521
-0.15364874416701826,5.0012004022516976
0.88792281119070071,5.0015790264454179
1.6546113778622786,5.0015185793936823
1.9369789868613703,5.0017806461867798
1.7516365136236562,5.0027953333135713
1.26750629073617,5.0041856009613701
0.73620120101596753,5.0052202841682139
0.3009633633901031,5.0057903891691824
-0.047390784477577892,5.0063143382884796
-0.36823887520256826,5.0072204600210704
-0.7408745723600787,5.0086130431032414
-1.162667977609291,5.0101547864499789
-1.568558425736311,5.0114442645896933
-1.9455534052177352,5.0125704104295057
-2.2962821441400063,5.013836616286607
-2.640990069918431,5.0151759789352832
-2.95555895557994,5.0156612263955651
-3.0816674149043966,5.0138284149823802
-2.8515782230820532,5.0090577735588324
-2.1805720989720943,5.002321782697928
-1.1489337693908024,4.9958371904464185
-0.05550136952262491,4.9912228939623233
0.77473555134625305,4.989505683274853
1.1362129588710927,4.9906898059260225
1.0144028420954614,4.9936653300839531
0.61546060154408944,4.9966100228862036
0.1698744272100764,4.9984175997499207
-0.18864940578142658,4.9992591329655536
-0.43646477078753904,4.9999428742112118
-0.66994350365063648,5.0011060861853096
-0.95226084935268851,5.0027281396722785
-1.2675521644667636,5.0043070520389499
-1.5866555924481207,5.0055542680116929
-1.8623811644277755,5.0065548872782824
-2.1101059364172863,5.0075891047196341
-2.3686781105822203,5.0086199579937585
-2.5774877343757749,5.0090012281072589
-2.6111200842948863,5.0080842041549118
-2.2948427023065121,5.0059635180925266
-1.5225168073614077,5.0038169477973984
-0.41310044490913472,5.0024740776895023
0.76391049521222165,5.0020588188187372
1.6804781359840648,5.0020456707661571
2.1047556674793486,5.0020315923283647
2.0600854321651756,5.0018892796410279
1.7258994982596452,5.0016213734457864
1.3303078125783365,5.0013409556829975
1.0358136310777202,5.0010740539670016
0.82771677327131721,5.0007588231178381
0.63214961766907951,5.0002082916479393
0.39253870369935151,4.9993638870051038
0.092542424035916115,4.9984406791975928
-0.20168436851928381,4.9975477391279082
-0.46183331651671694,4.9966571874118042
-0.71481855660297311,4.9956387607810528
-0.96506680874162931,4.9944993043762054
-1.1875808975914179,4.9938360791365746
-1.2424107336336105,4.994634952589017
-0.93880635447685956,4.9979075199754224
-0.20678372422268304,5.0036132487543137
0.86857181372006842,5.010242758560703
2.0078499889460346,5.0151441455533012
2.8628314583781846,5.0163515003297166
3.2396947838906187,5.0141141003877641
3.1312836476683805,5.0102242403685722
2.7226688655608422,5.0066254345193908
2.2663849767170023,5.0041666413592081
1.8870926372445833,5.0026777380930669
1.5985104113264705,5.0013055928404624
1.3267983353080304,4.9994516455785263
0.98831092178710911,4.9972658501181026
0.60543906352150811,4.9951741325515835
0.22019652720208061,4.9934776509362795
-0.14304012897811105,4.9920662265631108
-0.4799942015178873,4.9906291435018968
-0.83215776967843191,4.9892991291640811
-1.1531351234299216,4.9886508967255168
-1.2932755995545613,4.9894127581512224
-1.0946635024019133,4.9919327763048109
-0.45040788519255642,4.99591400282993
0.53813921682937038,5.0001132281807861
1.5784018911956723,5.0028451416142952
2.3583685634239604,5.003528454595882
2.6499462197465284,5.0027118655974396
2.4585134521593131,5.0015634730805578
1.987541228134559,5.00072028342439
1.4529784108206942,5.0003563194129548
1.0123529636012272,5.0002285566617397
0.67229826374502766,5.0001739232529534
0.33718931850376666,5.0002294717208491
-0.038512556000572684,5.000429179741829
-0.46194928468086288,5.0007681067824699
-0.88815382826083211,5.0011644911575628
-1.2666466701276282,5.001563172667403
-1.6311751842094562,5.0020901229401771
-1.9967362960089574,5.0027021845299018
-2.3150174845197933,5.0029680427184084
-2.4657132938864317,5.0021782064577005
-2.2529128244964216,4.9999297414809636
-1.5923403393590809,4.9966092028894931
-0.59192086308953074,4.9931152292466736
0.48800833808803784,4.9906767756637231
1.2979944121184226,4.9898450493394106
1.6281404338157501,4.9907353345117027
1.4946380345862895,4.9926351899898629
1.0661082287839536,4.994559480802133
0.59393040330074198,4.9957673170520254
0.22106849010406565,4.9963648909640614
-0.062015026990504048,4.9969100266624968
-0.31510348077041811,4.9977741845451407
-0.61790668327799581,4.9989405602491201
-0.96819378788587529,5.0000982644588481
-1.3013104660783674,5.0009843841620061
-1.6047096796725087,5.001726658333304
-1.8814909896238048,5.0025000289195773
-2.1523420798791681,5.0032314810153169
-2.393522737038468,5.003517838958631
-2.4470674894825226,5.0028795941077462
-2.1456908254953468,5.0013900332485415
-1.4053320003709868,4.9996545373184658
-0.30693590939819859,4.9985516139304664
0.85031498804550254,4.9980774273800375
1.7411930699217326,4.9980070033179871
2.1597603018892002,4.9980068273215439
2.0911592521143429,4.9979374516788244
1.7413037501150661,4.9977010450552619
1.3403628316981884,4.997416940888205
1.021649857387726,4.9971957463959615
0.80843602231648182,4.9969035821731582
0.60406452358434581,4.9963897214187387
0.34517406831192698,4.9956290776772381
0.047494194859265287,4.9947269723417937
-0.25995067439348002,4.993893481293977
-0.53013941976522583,4.9930602743535983
-0.77858366810503243,4.992060421797567
-1.0441657632733432,4.9909835740482791
-1.2662098299948998,4.9903470844174738
-1.3191920511869042,4.9911672352789642
-1.0283453235410227,4.9942842996395971
-0.28754123181402336,4.9997263747704563
0.78420621238747468,5.0057686487702924
1.9171942327559603,5.0101196262489367
2.7833361374528161,5.0112229369270409
3.1513538848145606,5.0092654735940529
3.0453018021776495,5.0057646752345093
2.6450831142930848,5.0024469215364036
2.1790799485442891,5.0002339074018529
1.8098996371976215,4.9988686599872105
1.5229772723752475,4.9976151518950953
1.2447498931357157,4.9959186873383858
0.9191203620961057,4.9938320086804717
0.53028461576525099,4.9918715991372551
0.14483664624393877,4.9902700086628649
-0.20853680191848584,4.9889094149149651
-0.55634795874452558,4.9875665531617059
-0.90253632455225064,4.9862758099580589
-1.2215237608360798,4.9856405461338742
-1.3728304123982202,4.9863591459785122
-1.1652793434960758,4.9888226890766498
-0.52863560023169165,4.9924681812868821
0.45225452224240348,4.9961051437151749
1.4985029221571629,4.9984184262280928
2.2626994163145988,4.998936402897848
2.5516147617184584,4.9983997191734257
2.3584195322045973,4.9977257393882839
1.8684653706526342,4.997395144376612
1.3345482515738041,4.9973030047361844
0.88174108437020537,4.9973459991524889
0.52423729896617299,4.9974618204132257
0.18859826843603067,4.9977425952609797
-0.20856974318285981,4.9983042308966361
-0.64473601080324761,4.9989924773801153
-1.0776964780570952,4.9996566973576186
-1.4827905492280877,5.0003255568371179
-1.8554765473986414,5.0011223806065273
-2.23715376084392,5.0020343303974171
-2.5815594964805237,5.0024213608715691
-2.7392081345124435,5.0012211651961538
-2.5521265796023362,4.9976570570571006
-1.9129765574638431,4.992156805998623
-0.92251848223568744,4.9861993887737448
0.12692245338122865,4.9815658907404101
0.92303962126659489,4.9798757690967994
1.2371229145585301,4.981305235571627
1.0738673411642798,4.9846231144029627
0.63621835759242917,4.987835905450571
0.14001241727470121,4.9898352756482822
-0.257123502858983,4.9907463489994059
-0.54857120170379692,4.9915186440087407
-0.8302116894623639,4.9929259735883171
-1.1480291482577374,4.994909873659414
-1.5096478892330905,4.996895063239795
-1.8704906569207118,4.9984615578227736
-2.1804000545546245,4.9997229105569572
-2.4734888443905647,5.0011138172216034
-2.765208430141108,5.0025369255717491
-3.0077529281874122,5.003025337588749
-3.081289398227578,5.0013237185584991
-2.7902872798549878,4.9970374541571507
-2.0507561551261073,4.9911445846435027
-0.97100982668802294,4.9853197910490579
0.18794508506195526,4.9813880534063779
1.0760277796441149,4.9800626822451228
1.4829407870903517,4.9811300084900463
1.4245558473490558,4.9833089234193428
1.0691361657836826,4.9852876176627161
0.66768708536733479,4.9863923815254987
0.36273680798985242,4.9868775821941096
0.14430838462659262,4.9872607805246405
-0.047756113487494423,4.9877670107891507
-0.2934705068044467,4.9883449303595402
-0.59086626394065933,4.988815427178845
-0.87555255555210709,4.9890599841168477
-1.1352635998844192,4.9891865101173432
-1.3733442371467364,4.9892198606388263
-1.6106562761282379,4.9891305824965828
-1.8235643580777496,4.989024926990612
-1.8541801641176789,4.989294393520102
-1.5353351073872963,4.9907153484380391
-0.78311202976648853,4.993605418581021
0.32144134875755032,4.9973189763062935
1.4790615593670711,5.0000772460078515
2.3644992008341594,5.0008940211105868
2.7720424305701754,4.9998961943402662
2.6871026760069925,4.9979555342573141
2.3157807689993612,4.9959141191399494
1.8884053126837881,4.9944035806203813
1.5384343303186019,4.9934712915922006
1.2893004687492382,4.9925820705787656
1.0445852213651881,4.9913224410504178
0.74123808306035444,4.9897136733759035
0.39533005278531047,4.9880478651683475
0.036230700770258417,4.986650639216216
-0.28869673724531636,4.9854215284811492
-0.59460310677669725,4.9841239799249246
-0.91997570233310388,4.9828384652850684
-1.2037232536527522,4.9820737240442279
-1.3198998367793531,4.9827747301605676
-1.0933193810145654,4.9856751632800984
-0.41744437151631753,4.9906498352139872
0.58910440413816834,4.9958573535361284
1.6571054605257123,4.9992950363224091
2.4591021232359065,5.000212401943716
2.7643045450002695,4.9993837670604639
2.5970345348503869,4.9979924966766811
2.1374508881610446,4.9968119177736572
1.6142951913597074,4.9961298133382694
1.190672280659713,4.9957776986839155
0.85254955193096438,4.9955445256999296
0.52679234557472865,4.9953245644085351
0.15758977361524168,4.9951584169777998
-0.27064866088561512,4.9951529234148522
-0.69106656097872532,4.9952311187898859
-1.0746351187390084,4.9953716114875517
-1.4475439237761236,4.9956377583212159
-1.8135542746816449,4.9959847275107574
-2.147078308765948,4.9961941763928737
-2.3076301615683237,4.9958155379899596
-2.1038530091461762,4.9946805499670441
-1.4651688371253653,4.9928143768474191
-0.47603380921045302,4.990593238261642
0.58498927340694151,4.9885899105598464
1.3704638909312279,4.9876483509644398
1.6867245662781425,4.9884925708205099
1.5264364875022383,4.9906372467335576
1.0746203034872943,4.9928671289711035
0.58404664524428007,4.9942649819861549
0.1798476759481708,4.9949652103512108
-0.12382990945890995,4.9955577817986114
-0.4006459209994061,4.9965450212785942
-0.73433135142923889,4.9979816797174177
-1.1026883062391506,4.9994279509271813
-1.4638279283438509,5.0005793189457988
-1.7934170490659052,5.001540909518714
-2.0872795343026347,5.0025546159710288
-2.3872048746796835,5.0036106698229927
-2.6472697704504426,5.0040669342707176
-2.7182940828277369,5.0031394142442878
-2.4426718140957919,5.0006612826886245
-1.7136884513804591,4.9974166269558458
-0.63292726646814856,4.994368496559173
0.50667596904205969,4.9921272842146527
1.3924655245883906,4.9913519164306512
1.7954322567327412,4.992007575081618
1.720016869781694,4.993412017412628
1.3689506016193833,4.9945613586232529
0.95761057125276061,4.9951732367968669
0.64298911125012048,4.9954096438980233
0.43107414066682803,4.9955427339596836
0.22549592214414549,4.9956849506328549
-0.020045766237447901,4.9957339629672353
-0.31343278998483792,4.9956428922282088
-0.61041639705738793,4.995452794952314
-0.86125131955789613,4.9951504108767928
-1.1004418080053318,4.9947277856470391
-1.3436828836478318,4.9941682184664007
-1.5432568641043691,4.9937570522567611
-1.5793911376011658,4.9943004355983476
-1.2567878122627811,4.9968281377016064
-0.49192848286063345,5.0016004546903812
0.60641759828376274,5.0071278606142533
1.7769343569319718,5.0112815771320127
2.6694300792976304,5.01245713762673
3.0739220470659165,5.010842404722248
3.0067113728110306,5.0076265728445826
2.6363452671194825,5.0043779147753531
2.2138841938604283,5.0019918285127485
1.8817532709079983,5.0004507434706467
1.6298552095978311,4.9990106101965575
1.3980972117157169,4.9969596150663405
1.1067763609850816,4.9943423917200054
0.758255267107103,4.9916965792959314
0.41723870643016048,4.9893741780216123
0.096216893530537029,4.9873234595579907
-0.2079388633040079,4.9851536734922188
-0.51569824720373147,4.9829234264101254
-0.8028337794109397,4.9816022603578096
-0.91086902121941538,4.982622520769679
-0.6722367677389165,4.9870621415344756
-0.002804989055109175,4.9943383074668102
1.0164341464477002,5.0021560855427376
2.0858516772859974,5.0073800574155207
2.8805341682662302,5.0087067423712579
3.1960662171051872,5.0069297772771293
3.0190770696865181,5.003921830182227
2.5563031587307203,5.0011782638676356
2.0383981091766556,4.9994149057109443
1.5989780851753852,4.9984676181187107
1.2616690076186556,4.9976860843162214
0.93046944178888102,4.9967332110329981
0.54285663014196639,4.995706111374898
0.11537565349756984,4.9948149259477477
-0.32219694768881457,4.9942271592162069
-0.72216556441746027,4.9938284647960023
-1.0993178692778871,4.9935220217013514
-1.4917834530961573,4.9933640712113805
-1.8382354380708308,4.9933279354652491
-2.0125564011410235,4.9933244097841563
-1.8393691396214118,4.9931531889435083
-1.2118409742682277,4.9927642293565704
-0.24825993994065826,4.9918384509415104
0.78286747588753836,4.9906654943056079
1.5545565189236767,4.9900750837962065
1.8357973688933125,4.9907918260546875
1.6503814192713213,4.992597099254632
1.1780533743505663,4.9945221146278005
0.64753658737029185,4.9958364433536522
0.22223056378073369,4.9965026549429412
-0.1115989895214522,4.9971037142656103
-0.42706493873589502,4.9981551439605898
-0.78025851885404507,4.9996637200799121
-1.1871427997255046,5.0012646441105817
-1.5811207977619495,5.0025642746194245
-1.9332701839781641,5.0036557968529545
-2.2699184476317846,5.0048877644049785
-2.59517698015273,5.0061649852717771
-2.8839914831260813,5.0066634682886226
-2.996398704088707,5.0051447712588413
-2.7412948250945597,5.0011111737842642
-2.0480067823725325,4.9951564208173833
-1.0008651087058471,4.9890099918540507
0.12105886541755129,4.9845164928473187
0.9694598385007912,4.9828448283779458
1.350029861563683,4.9840935760891441
1.2548915139636909,4.986910749465391
0.86857305950449926,4.9895747539593156
0.44348913318534544,4.9911184759797171
0.10445615736157654,4.9918373587285609
-0.13475948649625175,4.9924209502126704
-0.34825793050969894,4.9933166942067002
-0.62021910675512015,4.9945064890836708
-0.92886789552811355,4.995595776463186
-1.2327060747015923,4.9963895446644564
-1.5077860532765113,4.9970027580886267
-1.7503173283957887,4.9975669160325289
-2.0024353001163107,4.9980792195231789
-2.2185030275232549,4.9982791024399509
-2.2495742008916797,4.9980793937579069
-1.9382961388417432,4.9978506473473541
-1.1783186529369196,4.9982091876179648
-0.07162915404799175,4.9991324894518545
1.0885504865854068,4.9998845475064089
1.9894586359119542,5.0001500911986936
2.4020478999809578,4.9998564842040611
2.3307920637115815,4.9991961139570034
1.9784511550904595,4.9983203364198507
1.5603922827801284,4.9976107671398333
1.2335160831294694,4.9971182804822334
1.0037363035321456,4.9966065438664033
0.7747127651728295,4.9958348579168597
0.50028353206177756,4.9947452511251811
0.1727751679916506,4.993577279942083
-0.16337069717557767,4.9925493250757471
-0.45825519172664153,4.9915786082945921
-0.74618820028561605,4.9905294205828561
-1.0425885189704838,4.9894262676850749
-1.2993666310869516,4.9887657822012699
-1.3963526002150821,4.9894599567729303
-1.137921968344846,4.9922954645400139
-0.44034088824328987,4.9970843698959069
0.58772509034700504,5.0021247902731121
1.6852509189915197,5.0055876615878265
2.5026473137581755,5.0064867839785006
2.8306327308991839,5.0054679475893264
2.6860112405374403,5.0036509502642561
2.237735193982787,5.0020563177570976
1.7371896646262754,5.0010297784364584
1.3272059780677754,5.0004700271476343
0.99819513133937221,5.0000398322431341
0.69057407709542229,4.9994951853225631
0.32508095438553725,4.9989283464652754
-0.095560938515243388,4.9985012943948339
-0.50627966744667896,4.9982150039230131
-0.8941134028813027,4.998072464582501
-1.2617023884663974,4.9980184478701002
-1.6291641387486933,4.9980492304972648
-1.9721404776047069,4.9981180225698028
-2.1320942216761121,4.9979668869529208
-1.9411724226436933,4.997381754539691
-1.3147386365615144,4.9961871658997357
-0.33297213626584887,4.9946281946907831
0.70580957035662084,4.9930029200076147
1.477354009640919,4.9922721707099997
1.7764805040959668,4.9930672340619715
1.5887919722738095,4.9950632019967687
1.1205477649641447,4.9971217731027604
0.60256983458051083,4.9984739686342623
0.16910240662114595,4.9991816135751863
-0.15562480465765516,4.9998043492998701
-0.46746539587113545,5.0008990527791415
-0.82921944808514514,5.0024938120007061
-1.2247103243432653,5.0041179409942487
-1.6243502171139683,5.0054614018108872
-1.9804243052355395,5.0065931451094254
-2.3077664112365075,5.0078450009571309
-2.644813025593681,5.0091751172099475
-2.9307177001566616,5.0096523959523713
-3.0398153841411379,5.0079965782041906
-2.7969082096013498,5.003524393104815
-2.0949422583179178,4.9970771690069844
-1.0519789117266125,4.9903135602943074
0.062777581959402917,4.9853897769783888
0.92116968618733464,4.9836735742402194
1.2915508283258559,4.9850481275548937
1.1974838910261325,4.9880097580031535
0.81851415363546787,4.9907460832831445
0.38306307303737974,4.9923761287097115
0.054028535508442999,4.9931086568792598
-0.18297159325819107,4.9937207649894209
-0.40161645909079957,4.9946877661362441
-0.65840228172304638,4.9959066316986442
-0.96962899057329577,4.9970555543894823
-1.2690899311228345,4.9978816923490879
-1.5284121574745786,4.9984933095856974
-1.7744869104020902,4.9990897290615743
-2.011800016326037,4.9995856734700359
-2.2154738878221245,4.9997664475551282
-2.2456912238843802,4.9995557711704404
-1.9118071512045127,4.9994399972972694
-1.1440196271481515,4.9998728142389384
-0.027644424973008473,5.0009284764272213
1.1578920983743437,5.0019892486024613
2.064337427788717,5.0023341375834285
2.4973615392150217,5.001820000106374
2.4492046429384442,5.0006335740418084
2.1045298501415344,4.9992715331297397
1.7155534722180472,4.9981330282526484
1.4066535414814594,4.997370610941763
1.1912221169972803,4.9965797024291358
0.99500834410213035,4.9953212428723459
0.73390551425420747,4.993617658029625
0.42984549004217038,4.9917551659029096
0.12440528517726218,4.9900558065939125
-0.15847961039436451,4.9884805067494202
-0.41499833655431151,4.9866887900782757
-0.68710341045216772,4.984787775716331
-0.92880365013130972,4.9836304760017622
-0.99080370205777479,4.9846790091792696
-0.71557353888218889,4.9890669475665703
0.0034401731059712226,4.996490920562441
1.0644331330319268,5.0045902744663788
2.1736375254127926,5.0101353358872283
3.0180868386402429,5.0115356823206447
3.3698705559522217,5.0092460064303372
3.2347612341335252,5.0052097345991609
2.8162035502355214,5.0013192206587203
2.3299097080000748,4.9987114625535165
1.9328445506861889,4.9971451475956234
1.6309979041044618,4.9957390566226056
1.3283847582337123,4.9939099280728083
0.979416542731256,4.9916960652562441
0.57703010986049719,4.9896007985313
0.16614725009522924,4.9879462679394573
-0.20297865891473044,4.9865594852145776
-0.56427051463930078,4.9852174218663281
-0.93267661785157763,4.9839668891257345
-1.2595988802217009,4.983317248930847
-1.4244354350322117,4.9839728573269708
-1.2312530707098897,4.9863059502835716
-0.59610073548292408,4.9898554343563779
0.37258019432650324,4.9931688493094013
1.4143283675853091,4.9951566854279337
2.1802121523632696,4.995576368833901
2.4613040222866283,4.9953177256594019
2.2744391184722565,4.9950854812058036
1.7885626504619432,4.9951319032258974
1.2551555850978608,4.995259315006316
0.81735244640895954,4.9953779656564565
0.46591554441406569,4.9955563823296281
0.1414636029419396,4.9959100898258368
-0.23526601728826807,4.9965180677923939
-0.66165239034657608,4.9972525234818832
-1.0726658830320017,4.9978985696983695
-1.4552773123563305,4.9985176917247092
-1.8120921546628486,4.9992467850503823
-2.1633661381306082,5.0000427022584564
-2.4850521819790581,5.0004193041628922
-2.6189234470270444,4.9995593187461642
-2.3972276666565793,4.9970603460566876
-1.7351821483111054,4.9932042663583722
-0.71281816643415152,4.9891193203244599
0.37124972625121144,4.9858607478597854
1.1921889946142152,4.9846074565222587
1.5442670421670484,4.9856527184271018
1.4125876722732391,4.9881031370564122
1.0029782472799589,4.9904364211952652
0.54597385608306603,4.9918473642125907
0.1755435613501542,4.9925306390967306
-0.08445572288772174,4.9930866099589988
-0.33032105998391781,4.9939877112892894
-0.62529946562295957,4.9952081911344717
-0.95363542920180344,4.9963567404678999
-1.2861596985916735,4.9972506760810802
-1.5756208080298264,4.9979470159718256
-1.8373306521229464,4.9986374197456174
-2.1101409084700675,4.9993163931002416
-2.3335185006570951,4.9995882609601603
-2.3820385236586805,4.9991887868870215
-2.080855506805801,4.9983354142682774
-1.3236887397714123,4.9977378213157513
-0.2295725898784608,4.9974799372380065
0.9319583783322033,4.9974389968955517
1.832858600127643,4.9974516423109279
2.2413012436817739,4.9974509742993103
2.1806187636027978,4.9973019493393434
1.830264236829402,4.996944395417148
1.4184307729303889,4.9965609618222935
1.1076434687933476,4.9962307196435418
0.88317880195423792,4.9958738380137291
0.67113228853095064,4.9952755074936492
0.41495759089706785,4.9943643837128002
0.098408774632270712,4.9933629472940693
-0.21232672478460735,4.992402798149838
-0.48895312898628585,4.9914706115344476
-0.7584162026759349,4.990425213415735
-1.0251186432267057,4.9892477947897547
-1.263885244939662,4.9885251302566429
-1.3345575233426092,4.9892801633689672
-1.0462777943902399,4.9925332551127957
-0.32926462868624773,4.998066444933877
0.73094775861111672,5.0041853888098711
1.8543444507821412,5.0084917084752822
2.6926573344131879,5.0096244370589513
3.0527596745746437,5.0081030845196288
2.9280826697614826,5.0053230477797506
2.503943235441116,5.002689638882722
2.0327952806640996,5.0008623439382216
1.6390840485097997,4.999803367563584
1.3362462879032,4.9988773586319448
1.0503639059087919,4.9976247409787025
0.69793010551917112,4.9961587229774818
0.30145213189371756,4.9947636015310568
-0.097006434817811793,4.9936636695934471
-0.47311592513926093,4.9928021177872628
-0.8226658902327646,4.9919566511378708
-1.1870903230709302,4.991206999348929
-1.5199163747904845,4.9908537289744022
-1.6714358057913505,4.9912744734659817
-1.483763607032853,4.992602969127593
-0.85014239160916438,4.9945561517490962
0.12785731325685673,4.9962749695568327
1.1577070474993298,4.9969541065988095
1.9279034383720242,4.9969959607061174
2.2105407563850115,4.9971612247204149
2.0107827374311946,4.9978575196596813
1.5317091758371735,4.9987076851072167
0.98920079889766144,4.9993918331131475
0.54094081327584453,4.9998020583543763
0.19381026995411199,5.0002047866169752
-0.14768768050034198,5.0009601107951411
-0.52919658659662983,5.0020913192611332
-0.95803794270815423,5.0033363215254694
-1.389309038518775,5.0044300881300972
-1.7724262666926884,5.0053839991891502
-2.1409818661175763,5.0064998585298621
-2.5100450932566587,5.0077130329303854
-2.8316292594244334,5.0081844982163091
-2.9857531710043004,5.0066061939230586
-2.7764477915520409,5.0021986559838174
-2.1187605079886223,4.9954714544219883
-1.1197681215830835,4.9880686086274011
-0.039636897778350999,4.9824797969135393
0.77158012343826377,4.9803480803407441
1.1036637968464897,4.9819259787012848
0.97238952842316317,4.9855807145152085
0.54593304088572825,4.9891453441065678
0.07574192391991641,4.9912802510235821
-0.2948072403103027,4.9922237824330855
-0.57492748182644005,4.9930173103250004
-0.82432205424583171,4.9944072258490619
-1.1228356461585141,4.9963676216415358
-1.4684165859007481,4.9983162071464813
-1.7964564147787661,4.9997968012256662
-2.0943079394089983,5.0009985774833288
-2.3649937017211675,5.002278492418303
-2.6292558403902477,5.0035502981628035
-2.8635171082634328,5.0040362879693996
-2.9099376208685346,5.002746054203616
-2.6011426794159136,4.9995027507646022
-1.8527615575236718,4.9951084045988798
-0.7454817942548837,4.991072910685495
0.42135691120018981,4.9883159210714947
1.3223274953522568,4.9874263412350288
1.7514130064101934,4.9881555038893071
1.6936504000402159,4.9896050870342767
1.3548427661428035,4.9907517899702833
0.965192198548948,4.9913007059765642
0.65810493509794721,4.991513344830425
0.45690588205870658,4.9916128455399953
0.26493690207464227,4.9916725039574468
0.018796833313003525,4.991628434134717
-0.26582655472039785,4.9914009534136277
-0.55992060572093583,4.9910986023434836
-0.81646336131340491,4.9907150731453651
-1.0509713830502554,4.9901782782219071
-1.3023483401091966,4.9895323071462254
-1.5099465803169334,4.989082822252052
-1.5482400381499777,4.9896746456146142
-1.2424339346505835,4.992227227636346
-0.48636410871576546,4.9969864373778643
0.60092620227468507,5.0023771872468767
1.7495473064034712,5.0062760527799508
2.6312705114925281,5.0073817827281806
3.0149201622536173,5.0059213669276357
2.9246539702194809,5.0030817422687006
2.5403972562322523,5.000222069837041
2.0905532034196352,4.9982128714305407
1.7376899750635841,4.9969454601250067
1.4671516866002414,4.995790742780037
1.2053059344621144,4.994195279258741
0.89605592708098092,4.9921603872369511
0.52364260973186438,4.9901721251530002
0.15466765633772189,4.9884907058068597
-0.18222056605361836,4.9870332437099467
-0.51359130907591888,4.9855614264461101
-0.8433970788377414,4.9840795526789456
-1.14597759598343,4.9832501612477396
-1.2807485167329795,4.9840145174478563
-1.0564972681514164,4.9870972083591898
-0.40310463845360134,4.9919916413098857
0.59430172805500536,4.9970403362887943
1.6563523788286074,5.0003189607866831
2.4355553599841691,5.0011233629888343
2.7391916435343138,5.0003384316981272
2.5607721647683386,4.9991009258189161
2.0856984187379632,4.9981303029113811
1.5666712989547671,4.9975446225751945
1.1286356437322265,4.997288328857775
0.78562481750394331,4.9971307987762703
0.46414568984144222,4.9969951858968038
0.080851914220365972,4.99699530167499
-0.34170438492129351,4.9971030873974316
-0.76132316238627462,4.997278820618134
-1.1533805747196002,4.9975236499994313
-1.5133774267939226,4.9978502186238698
-1.8826989235074842,4.9982835015711746
-2.2150712310936691,4.9985220693046193
-2.3609897632283738,4.9980711203592429
-2.1624803102535504,4.9966002477338263
-1.5123238679122963,4.9943143157868937
-0.51150398136579633,4.9916787313679478
0.54770545210889798,4.9893193397518028
1.3533459419912044,4.9883639213728328
1.6767671622582356,4.989262372893168
1.5225030488504574,4.9914339355739044
1.0932912002106399,4.9935486893039522
0.60494433263065872,4.9949028062530569
0.21514903431043536,4.9955646619735701
-0.06939415614531308,4.9961200215782995
-0.34453566862683838,4.9970595226009635
-0.65630637879696307,4.9983409546433766
-1.0123827765631255,4.9996178981277639
-1.3682076731065176,5.0006382796264566
-1.6736128724336394,5.001447936339761
-1.962677886809403,5.0023144385571401
-2.250872604252939,5.0031830110522302
-2.4904330972292015,5.0035404911636752
-2.5615161334314926,5.0028409010846868
-2.2685198420587547,5.0011337372125997
-1.527492894192898,4.9990597534093082
-0.44690006505890545,4.9971498609503859
0.71239327584368395,4.9959560114606312
1.6004375338878196,4.9955562426445859
2.0068932077297301,4.9959329306855036
1.9474768756511676,4.9965620478940993
1.5904421650389664,4.9970137816577012
1.1868226841897098,4.9971265892986318
0.87920295135316195,4.9970861932684407
0.65760116058195517,4.9969927147665798
0.46181587550690795,4.9967364452476097
0.21185028211904622,4.9962788926648338
-0.090278870109990361,4.9956913481819463
-0.3801606354287036,4.9950390082140199
-0.64553146077336809,4.9943754613529148
-0.88978978218045746,4.9935501107783988
-1.1337723352981546,4.9925640864443812
-1.3536759189011316,4.9919472810889252
-1.391404322930994,4.9926913629830816
-1.0796754609894383,4.995861087586821
-0.33468925014208772,5.0014009601977989
0.76215109276738358,5.0077798512658775
1.9106077149691769,5.0123189805298063
2.7850420573524639,5.013537340840629
3.1805358413602542,5.0116540904850888
3.0835082642748959,5.0081635095002159
2.7004843377432941,5.0046565818398934
2.2618118078191376,5.0021578256780144
1.9005474221175958,5.0006108991108915
1.6395837200885692,4.999147692536746
1.3823393986780368,4.9971381420777332
1.0659770197988772,4.9946375890884536
0.70685657419967107,4.992117960089681
0.33448387964024501,4.9900178517909204
-0.0039563844009999904,4.9881792549179149
-0.3237794232250899,4.9862614050008967
-0.66334087342776693,4.9843889437949027
-0.96118600916616215,4.983321231652293
-1.0910013262080238,4.9842713933445912
-0.87766641806389734,4.9879510423169444
-0.21507873872534478,4.9938981937663618
